"kind","source","destination","status","note"
"ignored_large_data","data_hsi","data\claude_hsi","copied_ignored_untracked","Large HSI data copied under ignored root data folder; not intended for Git commit."
"ignored_local_data","temporal\data","temporal\data","copied","Small JSON temporal input data copied for reproducibility."
"ignored_local_outputs","temporal\outputs","docs\experiment_reports\claude_temporal\assets\temporal_outputs","copied","Small Claude temporal outputs preserved as report assets."
"ignored_local_source_record",".tmp_sfsub.pdf","docs\source_records\claude_temporal\tmp_sfsub.pdf","copied","Ignored PDF-like source record preserved."
"ignored_noise_skipped",".pytest_cache","","skipped_cache","Pytest cache is reproducible tool noise."
"ignored_noise_skipped","**/__pycache__","","skipped_cache","Python bytecode caches are reproducible tool noise."
"main_only_not_deleted","docs\experiment_reports\assets\hsi_band_image_transfer_2026-06-22\average_precision_summary.png","","kept_on_main","Claude lacks this newer main file; no deletion accepted."
"main_only_not_deleted","docs\experiment_reports\assets\hsi_band_image_transfer_2026-06-22\fixed_rank11_metrics.csv","","kept_on_main","Claude lacks this newer main file; no deletion accepted."
"main_only_not_deleted","docs\experiment_reports\assets\hsi_band_image_transfer_2026-06-22\hermiston_score_maps.jpg","","kept_on_main","Claude lacks this newer main file; no deletion accepted."
"main_only_not_deleted","docs\experiment_reports\assets\hsi_band_image_transfer_2026-06-22\rank_sensitivity.png","","kept_on_main","Claude lacks this newer main file; no deletion accepted."
"main_only_not_deleted","docs\experiment_reports\assets\multiresolution_subspace_2026-06-23\chongqing_qualitative_comparison.png","","kept_on_main","Claude lacks this newer main file; no deletion accepted."
"main_only_not_deleted","docs\experiment_reports\assets\multiresolution_subspace_2026-06-23\frozen_test_city_ap_deltas.png","","kept_on_main","Claude lacks this newer main file; no deletion accepted."
"main_only_not_deleted","docs\experiment_reports\assets\multiresolution_subspace_2026-06-23\frozen_test_method_comparison.png","","kept_on_main","Claude lacks this newer main file; no deletion accepted."
"main_only_not_deleted","docs\experiment_reports\assets\multiresolution_subspace_2026-06-23\norcia_qualitative_comparison.png","","kept_on_main","Claude lacks this newer main file; no deletion accepted."
"main_only_not_deleted","docs\experiment_reports\assets\multiresolution_subspace_2026-06-23\training_ablation_summary.png","","kept_on_main","Claude lacks this newer main file; no deletion accepted."
"main_only_not_deleted","docs\experiment_reports\assets\spacenet7_band_image_transfer_2026-06-22\aoi_average_precision.png","","kept_on_main","Claude lacks this newer main file; no deletion accepted."
"main_only_not_deleted","docs\experiment_reports\assets\spacenet7_band_image_transfer_2026-06-22\aoi_mean_metrics.csv","","kept_on_main","Claude lacks this newer main file; no deletion accepted."
"main_only_not_deleted","docs\experiment_reports\assets\spacenet7_band_image_transfer_2026-06-22\representative_transition.jpg","","kept_on_main","Claude lacks this newer main file; no deletion accepted."
"main_only_not_deleted","docs\experiment_reports\assets\successive_transfer_2026-06-23\oscd_chongqing_trainfit_map.png","","kept_on_main","Claude lacks this newer main file; no deletion accepted."
"main_only_not_deleted","docs\experiment_reports\assets\successive_transfer_2026-06-23\oscd_seed_stability.png","","kept_on_main","Claude lacks this newer main file; no deletion accepted."
"main_only_not_deleted","docs\experiment_reports\assets\successive_transfer_2026-06-23\oscd_trainfit_ap_deltas.png","","kept_on_main","Claude lacks this newer main file; no deletion accepted."
"main_only_not_deleted","docs\experiment_reports\assets\successive_transfer_2026-06-23\oscd_trainfit_ap.png","","kept_on_main","Claude lacks this newer main file; no deletion accepted."
"main_only_not_deleted","docs\experiment_reports\assets\successive_transfer_2026-06-23\xbd_best_variant_ap_deltas.png","","kept_on_main","Claude lacks this newer main file; no deletion accepted."
"main_only_not_deleted","docs\experiment_reports\assets\successive_transfer_2026-06-23\xbd_guatemala-volcano_guatemala-volcano_00000000.png","","kept_on_main","Claude lacks this newer main file; no deletion accepted."
"main_only_not_deleted","docs\experiment_reports\assets\successive_transfer_2026-06-23\xbd_hurricane-matthew_hurricane-matthew_00000000.png","","kept_on_main","Claude lacks this newer main file; no deletion accepted."
"main_only_not_deleted","docs\experiment_reports\assets\successive_transfer_2026-06-23\xbd_successive_transfer_ap.png","","kept_on_main","Claude lacks this newer main file; no deletion accepted."
"main_only_not_deleted","docs\experiment_reports\assets\xbd_s12_external_2026-06-22\analysis_summary.json","","kept_on_main","Claude lacks this newer main file; no deletion accepted."
"main_only_not_deleted","docs\experiment_reports\assets\xbd_s12_external_2026-06-22\boundary_sensitivity_ap_lift.png","","kept_on_main","Claude lacks this newer main file; no deletion accepted."
"main_only_not_deleted","docs\experiment_reports\assets\xbd_s12_external_2026-06-22\event_ap_heatmap.png","","kept_on_main","Claude lacks this newer main file; no deletion accepted."
"main_only_not_deleted","docs\experiment_reports\assets\xbd_s12_external_2026-06-22\nuisance_stratification.csv","","kept_on_main","Claude lacks this newer main file; no deletion accepted."
"main_only_not_deleted","docs\experiment_reports\assets\xbd_s12_external_2026-06-22\nuisance_stratification.png","","kept_on_main","Claude lacks this newer main file; no deletion accepted."
"main_only_not_deleted","docs\experiment_reports\assets\xbd_s12_external_2026-06-22\object_candidate_pairwise.csv","","kept_on_main","Claude lacks this newer main file; no deletion accepted."
"main_only_not_deleted","docs\experiment_reports\assets\xbd_s12_external_2026-06-22\object_candidate_tradeoff.png","","kept_on_main","Claude lacks this newer main file; no deletion accepted."
"main_only_not_deleted","docs\experiment_reports\assets\xbd_s12_external_2026-06-22\object_size_sensitivity.csv","","kept_on_main","Claude lacks this newer main file; no deletion accepted."
"main_only_not_deleted","docs\experiment_reports\assets\xbd_s12_external_2026-06-22\object_size_sensitivity.png","","kept_on_main","Claude lacks this newer main file; no deletion accepted."
"main_only_not_deleted","docs\experiment_reports\assets\xbd_s12_external_2026-06-22\operational_budget_metrics.png","","kept_on_main","Claude lacks this newer main file; no deletion accepted."
"main_only_not_deleted","docs\experiment_reports\assets\xbd_s12_external_2026-06-22\paired_event_ap_deltas.png","","kept_on_main","Claude lacks this newer main file; no deletion accepted."
"main_only_not_deleted","docs\experiment_reports\assets\xbd_s12_external_2026-06-22\registration_degradation.csv","","kept_on_main","Claude lacks this newer main file; no deletion accepted."
"main_only_not_deleted","docs\experiment_reports\assets\xbd_s12_external_2026-06-22\registration_sensitivity.png","","kept_on_main","Claude lacks this newer main file; no deletion accepted."
"main_only_not_deleted","docs\experiment_reports\assets\xbd_s12_external_2026-06-22\task_profile_ap_lift.png","","kept_on_main","Claude lacks this newer main file; no deletion accepted."
"main_only_not_deleted","docs\experiment_reports\assets\xbd_s12_external_2026-06-22\train_projector_rank_sensitivity.png","","kept_on_main","Claude lacks this newer main file; no deletion accepted."
"main_only_not_deleted","docs\experiment_reports\assets\xbd_s12_external_2026-06-22\train_task_confirmation.png","","kept_on_main","Claude lacks this newer main file; no deletion accepted."
"main_only_not_deleted","docs\experiment_reports\breizhcrops_rtw_natural_label_transfer_2026-06-21.md","","kept_on_main","Claude lacks this newer main file; no deletion accepted."
"main_only_not_deleted","docs\experiment_reports\cross_branch_research_evidence_matrix_2026-06-22.md","","kept_on_main","Claude lacks this newer main file; no deletion accepted."
"main_only_not_deleted","docs\experiment_reports\hsi_band_image_transfer_2026-06-22.md","","kept_on_main","Claude lacks this newer main file; no deletion accepted."
"main_only_not_deleted","docs\experiment_reports\hsi_band_image_transfer_protocol_2026-06-22.md","","kept_on_main","Claude lacks this newer main file; no deletion accepted."
"main_only_not_deleted","docs\experiment_reports\hsi_local_moment_geometry_2026-06-21.md","","kept_on_main","Claude lacks this newer main file; no deletion accepted."
"main_only_not_deleted","docs\experiment_reports\multisenge_rtw_invariance_gate_2026-06-21.md","","kept_on_main","Claude lacks this newer main file; no deletion accepted."
"main_only_not_deleted","docs\experiment_reports\multispectral_temporal_difference_subspaces_2026-06-19.md","","kept_on_main","Claude lacks this newer main file; no deletion accepted."
"main_only_not_deleted","docs\experiment_reports\oscd_band_image_matched_spatial_controls_2026-06-22.md","","kept_on_main","Claude lacks this newer main file; no deletion accepted."
"main_only_not_deleted","docs\experiment_reports\oscd_successive_subspace_learning_ds_2026-06-23.md","","kept_on_main","Claude lacks this newer main file; no deletion accepted."
"main_only_not_deleted","docs\experiment_reports\seasonal_observation_subspace_stress_test_2026-06-20.md","","kept_on_main","Claude lacks this newer main file; no deletion accepted."
"main_only_not_deleted","docs\experiment_reports\spacenet7_band_image_transfer_2026-06-22.md","","kept_on_main","Claude lacks this newer main file; no deletion accepted."
"main_only_not_deleted","docs\experiment_reports\spacenet7_band_image_transfer_protocol_2026-06-22.md","","kept_on_main","Claude lacks this newer main file; no deletion accepted."
"main_only_not_deleted","docs\experiment_reports\spacenet7_temporal_subspace_validation_2026-06-21.md","","kept_on_main","Claude lacks this newer main file; no deletion accepted."
"main_only_not_deleted","docs\experiment_reports\successive_saab_trainfit_external_gate_2026-06-23.md","","kept_on_main","Claude lacks this newer main file; no deletion accepted."
"main_only_not_deleted","docs\experiment_reports\xbd_s12_external_validation_2026-06-22.md","","kept_on_main","Claude lacks this newer main file; no deletion accepted."
"main_only_not_deleted","docs\experiment_reports\xbd_s12_frozen_external_protocol_2026-06-22.md","","kept_on_main","Claude lacks this newer main file; no deletion accepted."
"main_only_not_deleted","docs\figures\difference_subspace_orders.png","","kept_on_main","Claude lacks this newer main file; no deletion accepted."
"main_only_not_deleted","docs\figures\difference_subspace_orders.svg","","kept_on_main","Claude lacks this newer main file; no deletion accepted."
"main_only_not_deleted","docs\kb\02_temporal_sequence_geometry.md","","kept_on_main","Claude lacks this newer main file; no deletion accepted."
"main_only_not_deleted","docs\kb\03_signal_tensor_and_remote_sensing.md","","kept_on_main","Claude lacks this newer main file; no deletion accepted."
"main_only_not_deleted","docs\kb\04_hyperspectral_cd_boundary.md","","kept_on_main","Claude lacks this newer main file; no deletion accepted."
"main_only_not_deleted","docs\kb\05_project_evidence_map.md","","kept_on_main","Claude lacks this newer main file; no deletion accepted."
"main_only_not_deleted","docs\research\BOARD_CHEATSHEET.md","","kept_on_main","Claude lacks this newer main file; no deletion accepted."
"main_only_not_deleted","docs\research\CONCEPTS_EXPLAINED.md","","kept_on_main","Claude lacks this newer main file; no deletion accepted."
"main_only_not_deleted","docs\research\MASTER_NARRATIVE_2026-06-22.md","","kept_on_main","Claude lacks this newer main file; no deletion accepted."
"main_only_not_deleted","docs\research\REFERENCES.md","","kept_on_main","Claude lacks this newer main file; no deletion accepted."
"main_only_not_deleted","docs\research\SEMINAR_2026_FINAL.md","","kept_on_main","Claude lacks this newer main file; no deletion accepted."
"main_only_not_deleted","docs\research\seminar_defense_QA_2026-06-22.md","","kept_on_main","Claude lacks this newer main file; no deletion accepted."
"main_only_not_deleted","docs\research\seminar_narrative_DSprior_2026-06-22.md","","kept_on_main","Claude lacks this newer main file; no deletion accepted."
"main_only_not_deleted","docs\research\SEMINAR_PREP.md","","kept_on_main","Claude lacks this newer main file; no deletion accepted."
"main_only_not_deleted","docs\research\SEMINAR_TALK_FULL.md","","kept_on_main","Claude lacks this newer main file; no deletion accepted."
"main_only_not_deleted","docs\research\sensei_asks_coverage_2026-06-22.md","","kept_on_main","Claude lacks this newer main file; no deletion accepted."
"main_only_not_deleted","docs\research\tables\oscd_frozen_results.tex","","kept_on_main","Claude lacks this newer main file; no deletion accepted."
"main_only_not_deleted","docs\source_records\bookmarks\bookmark_organization_summary_2026-06-25.json","","kept_on_main","Claude lacks this newer main file; no deletion accepted."
"main_only_not_deleted","docs\source_records\bookmarks\chrome_bookmarks_organized_all_2026-06-25.html","","kept_on_main","Claude lacks this newer main file; no deletion accepted."
"main_only_not_deleted","docs\source_records\bookmarks\chrome_bookmarks_refined_taxonomy_dedup_2026-06-25.html","","kept_on_main","Claude lacks this newer main file; no deletion accepted."
"main_only_not_deleted","docs\source_records\bookmarks\chrome_bookmarks_research_labeled_cleaned_2026-06-25.html","","kept_on_main","Claude lacks this newer main file; no deletion accepted."
"main_only_not_deleted","docs\source_records\bookmarks\Safari links.md","","kept_on_main","Claude lacks this newer main file; no deletion accepted."
"main_only_not_deleted","docs\source_records\final_organization_2026-06-12\bookmark_organization_summary_2026-06-20.json","","kept_on_main","Claude lacks this newer main file; no deletion accepted."
"main_only_not_deleted","docs\source_records\final_organization_2026-06-12\chrome_bookmarks_organized_all_2026-06-20.html","","kept_on_main","Claude lacks this newer main file; no deletion accepted."
"main_only_not_deleted","docs\source_records\final_organization_2026-06-12\most_essential_knowledge_base.md","","kept_on_main","Claude lacks this newer main file; no deletion accepted."
"main_only_not_deleted","docs\source_records\final_organization_2026-06-12\new_bookmark_6_20_26.html","","kept_on_main","Claude lacks this newer main file; no deletion accepted."
"main_only_not_deleted","phase1\baselines\anomalous_change.py","","kept_on_main","Claude lacks this newer main file; no deletion accepted."
"main_only_not_deleted","phase1\baselines\temporal_sequence.py","","kept_on_main","Claude lacks this newer main file; no deletion accepted."
"main_only_not_deleted","phase1\data\breizhcrops_sequences.py","","kept_on_main","Claude lacks this newer main file; no deletion accepted."
"main_only_not_deleted","phase1\data\hsi_change.py","","kept_on_main","Claude lacks this newer main file; no deletion accepted."
"main_only_not_deleted","phase1\data\spacenet7_dataset.py","","kept_on_main","Claude lacks this newer main file; no deletion accepted."
"main_only_not_deleted","phase1\data\xbd_s12.py","","kept_on_main","Claude lacks this newer main file; no deletion accepted."
"main_only_not_deleted","phase1\experiments\build_deck_saab.py","","kept_on_main","Claude lacks this newer main file; no deletion accepted."
"main_only_not_deleted","phase1\experiments\build_deck.py","","kept_on_main","Claude lacks this newer main file; no deletion accepted."
"main_only_not_deleted","phase1\experiments\cca_change.py","","kept_on_main","Claude lacks this newer main file; no deletion accepted."
"main_only_not_deleted","phase1\experiments\ds_change_modes.py","","kept_on_main","Claude lacks this newer main file; no deletion accepted."
"main_only_not_deleted","phase1\experiments\ds_prior_panel.py","","kept_on_main","Claude lacks this newer main file; no deletion accepted."
"main_only_not_deleted","phase1\experiments\ds_teacher_student.py","","kept_on_main","Claude lacks this newer main file; no deletion accepted."
"main_only_not_deleted","phase1\experiments\make_fancy_figures.py","","kept_on_main","Claude lacks this newer main file; no deletion accepted."
"main_only_not_deleted","phase1\experiments\make_framework_fig.py","","kept_on_main","Claude lacks this newer main file; no deletion accepted."
"main_only_not_deleted","phase1\experiments\make_real_panels.py","","kept_on_main","Claude lacks this newer main file; no deletion accepted."
"main_only_not_deleted","phase1\experiments\make_saab_figure.py","","kept_on_main","Claude lacks this newer main file; no deletion accepted."
"main_only_not_deleted","phase1\experiments\make_seminar_figures.py","","kept_on_main","Claude lacks this newer main file; no deletion accepted."
"main_only_not_deleted","phase1\experiments\multisenge_pretrain.py","","kept_on_main","Claude lacks this newer main file; no deletion accepted."
"main_only_not_deleted","phase1\experiments\otsu_ablation.py","","kept_on_main","Claude lacks this newer main file; no deletion accepted."
"main_only_not_deleted","phase1\experiments\temporal_ds_sequence.py","","kept_on_main","Claude lacks this newer main file; no deletion accepted."
"main_only_not_deleted","phase1\experiments\unet_ds_prior.py","","kept_on_main","Claude lacks this newer main file; no deletion accepted."
"main_only_not_deleted","phase1\scripts\analyze_bidirectional_temporal_context_ds.py","","kept_on_main","Claude lacks this newer main file; no deletion accepted."
"main_only_not_deleted","phase1\scripts\analyze_multiscale_temporal_subspaces.py","","kept_on_main","Claude lacks this newer main file; no deletion accepted."
"main_only_not_deleted","phase1\scripts\analyze_registered_multispectral_sequence.py","","kept_on_main","Claude lacks this newer main file; no deletion accepted."
"main_only_not_deleted","phase1\scripts\analyze_spacenet7_hybrid_validation.py","","kept_on_main","Claude lacks this newer main file; no deletion accepted."
"main_only_not_deleted","phase1\scripts\check_irrigation_regime_data.py","","kept_on_main","Claude lacks this newer main file; no deletion accepted."
"main_only_not_deleted","phase1\scripts\develop_xbd_s12_geometry_radiometry.py","","kept_on_main","Claude lacks this newer main file; no deletion accepted."
"main_only_not_deleted","phase1\scripts\diagnose_oscd_pseudo_change.py","","kept_on_main","Claude lacks this newer main file; no deletion accepted."
"main_only_not_deleted","phase1\scripts\download_breizhcrops_l2a.py","","kept_on_main","Claude lacks this newer main file; no deletion accepted."
"main_only_not_deleted","phase1\scripts\evaluate_breizhcrops_rtw_transfer.py","","kept_on_main","Claude lacks this newer main file; no deletion accepted."
"main_only_not_deleted","phase1\scripts\evaluate_frozen_successive_transfer.py","","kept_on_main","Claude lacks this newer main file; no deletion accepted."
"main_only_not_deleted","phase1\scripts\evaluate_hsi_band_image_transfer.py","","kept_on_main","Claude lacks this newer main file; no deletion accepted."
"main_only_not_deleted","phase1\scripts\evaluate_hsi_moment_geometry.py","","kept_on_main","Claude lacks this newer main file; no deletion accepted."
"main_only_not_deleted","phase1\scripts\evaluate_multiscale_order_aware_interventions.py","","kept_on_main","Claude lacks this newer main file; no deletion accepted."
"main_only_not_deleted","phase1\scripts\evaluate_multisenge_order_aware_interventions.py","","kept_on_main","Claude lacks this newer main file; no deletion accepted."
"main_only_not_deleted","phase1\scripts\evaluate_multisenge_rtw_invariance.py","","kept_on_main","Claude lacks this newer main file; no deletion accepted."
"main_only_not_deleted","phase1\scripts\evaluate_oscd_split_calibration.py","","kept_on_main","Claude lacks this newer main file; no deletion accepted."
"main_only_not_deleted","phase1\scripts\evaluate_seasonal_regime_subspaces.py","","kept_on_main","Claude lacks this newer main file; no deletion accepted."
"main_only_not_deleted","phase1\scripts\evaluate_spacenet7_band_image_transfer.py","","kept_on_main","Claude lacks this newer main file; no deletion accepted."
"main_only_not_deleted","phase1\scripts\evaluate_spacenet7_temporal_subspaces.py","","kept_on_main","Claude lacks this newer main file; no deletion accepted."
"main_only_not_deleted","phase1\scripts\evaluate_temporal_band_subspace_injections.py","","kept_on_main","Claude lacks this newer main file; no deletion accepted."
"main_only_not_deleted","phase1\scripts\evaluate_temporal_context_injections.py","","kept_on_main","Claude lacks this newer main file; no deletion accepted."
"main_only_not_deleted","phase1\scripts\evaluate_temporal_context_registration_curve.py","","kept_on_main","Claude lacks this newer main file; no deletion accepted."
"main_only_not_deleted","phase1\scripts\evaluate_xbd_s12_external.py","","kept_on_main","Claude lacks this newer main file; no deletion accepted."
"main_only_not_deleted","phase1\scripts\evaluate_xbd_s12_object_retrieval.py","","kept_on_main","Claude lacks this newer main file; no deletion accepted."
"main_only_not_deleted","phase1\scripts\prepare_xbd_s12_external.py","","kept_on_main","Claude lacks this newer main file; no deletion accepted."
"main_only_not_deleted","phase1\scripts\stress_xbd_s12_registration.py","","kept_on_main","Claude lacks this newer main file; no deletion accepted."
"main_only_not_deleted","phase1\scripts\summarize_multiresolution_subspace_experiment.py","","kept_on_main","Claude lacks this newer main file; no deletion accepted."
"main_only_not_deleted","phase1\scripts\summarize_multisenge_rtw_invariance.py","","kept_on_main","Claude lacks this newer main file; no deletion accepted."
"main_only_not_deleted","phase1\scripts\summarize_successive_transfer_experiment.py","","kept_on_main","Claude lacks this newer main file; no deletion accepted."
"main_only_not_deleted","phase1\scripts\summarize_xbd_s12_external.py","","kept_on_main","Claude lacks this newer main file; no deletion accepted."
"main_only_not_deleted","phase1\subspace\band_image_geometry.py","","kept_on_main","Claude lacks this newer main file; no deletion accepted."
"main_only_not_deleted","phase1\subspace\hsi_moment_geometry.py","","kept_on_main","Claude lacks this newer main file; no deletion accepted."
"main_only_not_deleted","phase1\subspace\multiscale_band_image.py","","kept_on_main","Claude lacks this newer main file; no deletion accepted."
"main_only_not_deleted","phase1\subspace\pif_nuisance.py","","kept_on_main","Claude lacks this newer main file; no deletion accepted."
"main_only_not_deleted","phase1\subspace\randomized_time_warping.py","","kept_on_main","Claude lacks this newer main file; no deletion accepted."
"main_only_not_deleted","phase1\subspace\seasonal_observations.py","","kept_on_main","Claude lacks this newer main file; no deletion accepted."
"main_only_not_deleted","phase1\subspace\successive_subspace_features.py","","kept_on_main","Claude lacks this newer main file; no deletion accepted."
"main_only_not_deleted","phase1\subspace\temporal_band_images.py","","kept_on_main","Claude lacks this newer main file; no deletion accepted."
"main_only_not_deleted","phase1\subspace\temporal_context.py","","kept_on_main","Claude lacks this newer main file; no deletion accepted."
"main_only_not_deleted","phase1\subspace\temporal_trajectory.py","","kept_on_main","Claude lacks this newer main file; no deletion accepted."
"main_only_not_deleted","phase1\subspace\wavelet_band_image.py","","kept_on_main","Claude lacks this newer main file; no deletion accepted."
"main_only_not_deleted","tests\test_anomalous_change_and_pif.py","","kept_on_main","Claude lacks this newer main file; no deletion accepted."
"main_only_not_deleted","tests\test_band_image_spatial_controls.py","","kept_on_main","Claude lacks this newer main file; no deletion accepted."
"main_only_not_deleted","tests\test_breizhcrops_rtw_transfer.py","","kept_on_main","Claude lacks this newer main file; no deletion accepted."
"main_only_not_deleted","tests\test_hsi_band_image_transfer.py","","kept_on_main","Claude lacks this newer main file; no deletion accepted."
"main_only_not_deleted","tests\test_hsi_moment_geometry.py","","kept_on_main","Claude lacks this newer main file; no deletion accepted."
"main_only_not_deleted","tests\test_multiresolution_subspaces.py","","kept_on_main","Claude lacks this newer main file; no deletion accepted."
"main_only_not_deleted","tests\test_randomized_time_warping.py","","kept_on_main","Claude lacks this newer main file; no deletion accepted."
"main_only_not_deleted","tests\test_seasonal_observation_subspaces.py","","kept_on_main","Claude lacks this newer main file; no deletion accepted."
"main_only_not_deleted","tests\test_spacenet7_band_image_transfer.py","","kept_on_main","Claude lacks this newer main file; no deletion accepted."
"main_only_not_deleted","tests\test_spacenet7_dataset.py","","kept_on_main","Claude lacks this newer main file; no deletion accepted."
"main_only_not_deleted","tests\test_split_safe_calibration.py","","kept_on_main","Claude lacks this newer main file; no deletion accepted."
"main_only_not_deleted","tests\test_temporal_subspace_dynamics.py","","kept_on_main","Claude lacks this newer main file; no deletion accepted."
"main_only_not_deleted","tests\test_temporal_trajectory_subspaces.py","","kept_on_main","Claude lacks this newer main file; no deletion accepted."
"main_only_not_deleted","tests\test_xbd_s12.py","","kept_on_main","Claude lacks this newer main file; no deletion accepted."
"tracked_addition","docs\CONTINUITY.md","docs\source_records\claude_temporal\CONTINUITY.md","copied","Claude-only tracked file copied into organized main path."
"tracked_addition","docs\CRUX_PROMPT.md","docs\source_records\claude_temporal\CRUX_PROMPT.md","copied","Claude-only tracked file copied into organized main path."
"tracked_addition","docs\DESIGN_TEMPORAL_DS_ACCV2026.md","docs\research\claude_temporal\DESIGN_TEMPORAL_DS_ACCV2026.md","copied","Claude-only tracked file copied into organized main path."
"tracked_addition","docs\DRAFT_DIAGNOSTIC_PAPER_ACCV.md","docs\research\claude_temporal\DRAFT_DIAGNOSTIC_PAPER_ACCV.md","copied","Claude-only tracked file copied into organized main path."
"tracked_addition","docs\EXPERIMENT_QUEUE.md","docs\source_records\claude_temporal\EXPERIMENT_QUEUE.md","copied","Claude-only tracked file copied into organized main path."
"tracked_addition","docs\experiment_reports\attribution_test_2026-06-21.md","docs\experiment_reports\claude_temporal\attribution_test_2026-06-21.md","copied","Claude-only tracked file copied into organized main path."
"tracked_addition","docs\experiment_reports\bet1_e1_crux_2026-06-21.md","docs\experiment_reports\claude_temporal\bet1_e1_crux_2026-06-21.md","copied","Claude-only tracked file copied into organized main path."
"tracked_addition","docs\experiment_reports\bet1_e2_registration_2026-06-21.md","docs\experiment_reports\claude_temporal\bet1_e2_registration_2026-06-21.md","copied","Claude-only tracked file copied into organized main path."
"tracked_addition","docs\experiment_reports\bet2_g1_trajectory_2026-06-21.md","docs\experiment_reports\claude_temporal\bet2_g1_trajectory_2026-06-21.md","copied","Claude-only tracked file copied into organized main path."
"tracked_addition","docs\experiment_reports\HB1_trajectory_2026-06-20.md","docs\experiment_reports\claude_temporal\HB1_trajectory_2026-06-20.md","copied","Claude-only tracked file copied into organized main path."
"tracked_addition","docs\experiment_reports\HB1b_structure_nuisance_2026-06-20.md","docs\experiment_reports\claude_temporal\HB1b_structure_nuisance_2026-06-20.md","copied","Claude-only tracked file copied into organized main path."
"tracked_addition","docs\experiment_reports\hc_deep_subspace_2026-06-21.md","docs\experiment_reports\claude_temporal\hc_deep_subspace_2026-06-21.md","copied","Claude-only tracked file copied into organized main path."
"tracked_addition","docs\experiment_reports\hermiston_bitemporal_2026-06-21.md","docs\experiment_reports\claude_temporal\hermiston_bitemporal_2026-06-21.md","copied","Claude-only tracked file copied into organized main path."
"tracked_addition","docs\experiment_reports\hsi_dimensionality_L0_2026-06-19.md","docs\experiment_reports\claude_temporal\hsi_dimensionality_L0_2026-06-19.md","copied","Claude-only tracked file copied into organized main path."
"tracked_addition","docs\experiment_reports\hsi_HA_hard_nuisance_2026-06-19.md","docs\experiment_reports\claude_temporal\hsi_HA_hard_nuisance_2026-06-19.md","copied","Claude-only tracked file copied into organized main path."
"tracked_addition","docs\experiment_reports\hsi_HA_nuisance_2026-06-19.md","docs\experiment_reports\claude_temporal\hsi_HA_nuisance_2026-06-19.md","copied","Claude-only tracked file copied into organized main path."
"tracked_addition","docs\experiment_reports\kernel_ds_test_2026-06-21.md","docs\experiment_reports\claude_temporal\kernel_ds_test_2026-06-21.md","copied","Claude-only tracked file copied into organized main path."
"tracked_addition","docs\experiment_reports\L1_temporal_ds_synthetic_2026-06-18.md","docs\experiment_reports\claude_temporal\L1_temporal_ds_synthetic_2026-06-18.md","copied","Claude-only tracked file copied into organized main path."
"tracked_addition","docs\experiment_reports\material_subspace_cd_2026-06-20.md","docs\experiment_reports\claude_temporal\material_subspace_cd_2026-06-20.md","copied","Claude-only tracked file copied into organized main path."
"tracked_addition","docs\experiment_reports\multiband_ssa_2026-06-18.md","docs\experiment_reports\claude_temporal\multiband_ssa_2026-06-18.md","copied","Claude-only tracked file copied into organized main path."
"tracked_addition","docs\experiment_reports\orientation_factorization_2026-06-21.md","docs\experiment_reports\claude_temporal\orientation_factorization_2026-06-21.md","copied","Claude-only tracked file copied into organized main path."
"tracked_addition","docs\experiment_reports\real_gate0_tenerife_2026-06-18.md","docs\experiment_reports\claude_temporal\real_gate0_tenerife_2026-06-18.md","copied","Claude-only tracked file copied into organized main path."
"tracked_addition","docs\experiment_reports\real_irrigation_2026-06-18.md","docs\experiment_reports\claude_temporal\real_irrigation_2026-06-18.md","copied","Claude-only tracked file copied into organized main path."
"tracked_addition","docs\experiment_reports\real_recovery_tenerife_2026-06-18.md","docs\experiment_reports\claude_temporal\real_recovery_tenerife_2026-06-18.md","copied","Claude-only tracked file copied into organized main path."
"tracked_addition","docs\experiment_reports\small_sample_subspace_cd_2026-06-21.md","docs\experiment_reports\claude_temporal\small_sample_subspace_cd_2026-06-21.md","copied","Claude-only tracked file copied into organized main path."
"tracked_addition","docs\experiment_reports\ssds_L0_2026-06-20.md","docs\experiment_reports\claude_temporal\ssds_L0_2026-06-20.md","copied","Claude-only tracked file copied into organized main path."
"tracked_addition","docs\experiment_reports\ssds_longseries_2026-06-20.md","docs\experiment_reports\claude_temporal\ssds_longseries_2026-06-20.md","copied","Claude-only tracked file copied into organized main path."
"tracked_addition","docs\experiment_reports\ssds_natural_2026-06-20.md","docs\experiment_reports\claude_temporal\ssds_natural_2026-06-20.md","copied","Claude-only tracked file copied into organized main path."
"tracked_addition","docs\experiment_reports\ssds_phenology_2026-06-20.md","docs\experiment_reports\claude_temporal\ssds_phenology_2026-06-20.md","copied","Claude-only tracked file copied into organized main path."
"tracked_addition","docs\experiment_reports\ssds_S2_tenerife_2026-06-20.md","docs\experiment_reports\claude_temporal\ssds_S2_tenerife_2026-06-20.md","copied","Claude-only tracked file copied into organized main path."
"tracked_addition","docs\experiment_reports\ssds_validate_2026-06-20.md","docs\experiment_reports\claude_temporal\ssds_validate_2026-06-20.md","copied","Claude-only tracked file copied into organized main path."
"tracked_addition","docs\experiment_reports\t1_changetype_2026-06-20.md","docs\experiment_reports\claude_temporal\t1_changetype_2026-06-20.md","copied","Claude-only tracked file copied into organized main path."
"tracked_addition","docs\experiment_reports\t2_rtw_2026-06-21.md","docs\experiment_reports\claude_temporal\t2_rtw_2026-06-21.md","copied","Claude-only tracked file copied into organized main path."
"tracked_addition","docs\figures\fig_mssa_construction.png","docs\figures\claude_temporal\fig_mssa_construction.png","copied","Claude-only tracked file copied into organized main path."
"tracked_addition","docs\figures\fig_velocity_acceleration.png","docs\figures\claude_temporal\fig_velocity_acceleration.png","copied","Claude-only tracked file copied into organized main path."
"tracked_addition","docs\figures\make_schematics.py","docs\figures\claude_temporal\make_schematics.py","copied","Claude-only tracked file copied into organized main path."
"tracked_addition","docs\figures\result_fig_dynamics_auc.png","docs\figures\claude_temporal\result_fig_dynamics_auc.png","copied","Claude-only tracked file copied into organized main path."
"tracked_addition","docs\figures\result_fig_multiband_auc.png","docs\figures\claude_temporal\result_fig_multiband_auc.png","copied","Claude-only tracked file copied into organized main path."
"tracked_addition","docs\figures\result_fig_noise_sweep.png","docs\figures\claude_temporal\result_fig_noise_sweep.png","copied","Claude-only tracked file copied into organized main path."
"tracked_addition","docs\figures\result_real_gate0.png","docs\figures\claude_temporal\result_real_gate0.png","copied","Claude-only tracked file copied into organized main path."
"tracked_addition","docs\figures\result_real_recovery.png","docs\figures\claude_temporal\result_real_recovery.png","copied","Claude-only tracked file copied into organized main path."
"tracked_addition","docs\kb\02_temporal_sequence_warping_ssa.md","docs\kb\claude_temporal\02_temporal_sequence_warping_ssa.md","copied","Claude-only tracked file copied into organized main path."
"tracked_addition","docs\kb\03_remote_sensing_cd_and_hsi.md","docs\kb\claude_temporal\03_remote_sensing_cd_and_hsi.md","copied","Claude-only tracked file copied into organized main path."
"tracked_addition","docs\METHOD.md","docs\research\claude_temporal\METHOD.md","copied","Claude-only tracked file copied into organized main path."
"tracked_addition","docs\RESEARCH_AGENDA.md","docs\research\claude_temporal\RESEARCH_AGENDA.md","copied","Claude-only tracked file copied into organized main path."
"tracked_addition","docs\RESEARCH_APPROACHES_RANKED.md","docs\research\claude_temporal\RESEARCH_APPROACHES_RANKED.md","copied","Claude-only tracked file copied into organized main path."
"tracked_addition","docs\RESEARCH_DIRECTIONS_TOP10.md","docs\research\claude_temporal\RESEARCH_DIRECTIONS_TOP10.md","copied","Claude-only tracked file copied into organized main path."
"tracked_addition","docs\research\bet1_design.md","docs\research\claude_temporal\bet1_design.md","copied","Claude-only tracked file copied into organized main path."
"tracked_addition","docs\research\bet2_design.md","docs\research\claude_temporal\bet2_design.md","copied","Claude-only tracked file copied into organized main path."
"tracked_addition","docs\research\seminar_ranked_problems.md","docs\research\claude_temporal\seminar_ranked_problems.md","copied","Claude-only tracked file copied into organized main path."
"tracked_addition","docs\research\SUPREME_AUDIT_TABLE.md","docs\research\claude_temporal\SUPREME_AUDIT_TABLE.md","copied","Claude-only tracked file copied into organized main path."
"tracked_addition","docs\SUBSPACE_CONSTRUCTION_LEDGER.md","docs\research\claude_temporal\SUBSPACE_CONSTRUCTION_LEDGER.md","copied","Claude-only tracked file copied into organized main path."
"tracked_addition","only_research_bookmarks.html","docs\source_records\bookmarks\only_research_bookmarks_claude.html","copied","Claude-only tracked file copied into organized main path."
"tracked_addition","scripts\auto_resume.ps1","scripts\claude_temporal\auto_resume.ps1","copied","Claude-only tracked file copied into organized main path."
"tracked_addition","STATUS.md","docs\source_records\claude_temporal\STATUS.md","already_present_identical","Claude-only tracked file copied into organized main path."
"tracked_addition","temporal\__init__.py","temporal\__init__.py","copied","Claude-only tracked file copied into organized main path."
"tracked_addition","temporal\configs\L2_preregistered.json","temporal\configs\L2_preregistered.json","copied","Claude-only tracked file copied into organized main path."
"tracked_addition","temporal\configs\L2b_recovery_preregistered.json","temporal\configs\L2b_recovery_preregistered.json","copied","Claude-only tracked file copied into organized main path."
"tracked_addition","temporal\configs\L3_irrigation_preregistered.json","temporal\configs\L3_irrigation_preregistered.json","copied","Claude-only tracked file copied into organized main path."
"tracked_addition","temporal\dynamics.py","temporal\dynamics.py","copied","Claude-only tracked file copied into organized main path."
"tracked_addition","temporal\experiments\attribution_test.py","temporal\experiments\attribution_test.py","copied","Claude-only tracked file copied into organized main path."
"tracked_addition","temporal\experiments\bet1_e1_crux_sweep.py","temporal\experiments\bet1_e1_crux_sweep.py","copied","Claude-only tracked file copied into organized main path."
"tracked_addition","temporal\experiments\bet1_e2_registration.py","temporal\experiments\bet1_e2_registration.py","copied","Claude-only tracked file copied into organized main path."
"tracked_addition","temporal\experiments\bet2_g1_trajectory.py","temporal\experiments\bet2_g1_trajectory.py","copied","Claude-only tracked file copied into organized main path."
"tracked_addition","temporal\experiments\dynamics_gate.py","temporal\experiments\dynamics_gate.py","copied","Claude-only tracked file copied into organized main path."
"tracked_addition","temporal\experiments\hb1_trajectory.py","temporal\experiments\hb1_trajectory.py","copied","Claude-only tracked file copied into organized main path."
"tracked_addition","temporal\experiments\hb1b_structure.py","temporal\experiments\hb1b_structure.py","copied","Claude-only tracked file copied into organized main path."
"tracked_addition","temporal\experiments\hb1b_verify.py","temporal\experiments\hb1b_verify.py","copied","Claude-only tracked file copied into organized main path."
"tracked_addition","temporal\experiments\hc_deep_subspace.py","temporal\experiments\hc_deep_subspace.py","copied","Claude-only tracked file copied into organized main path."
"tracked_addition","temporal\experiments\hermiston_bitemporal.py","temporal\experiments\hermiston_bitemporal.py","copied","Claude-only tracked file copied into organized main path."
"tracked_addition","temporal\experiments\hermiston_orientation_validate.py","temporal\experiments\hermiston_orientation_validate.py","copied","Claude-only tracked file copied into organized main path."
"tracked_addition","temporal\experiments\hsi_dimensionality.py","temporal\experiments\hsi_dimensionality.py","copied","Claude-only tracked file copied into organized main path."
"tracked_addition","temporal\experiments\hsi_hard_nuisance.py","temporal\experiments\hsi_hard_nuisance.py","copied","Claude-only tracked file copied into organized main path."
"tracked_addition","temporal\experiments\hsi_nuisance_invariance.py","temporal\experiments\hsi_nuisance_invariance.py","copied","Claude-only tracked file copied into organized main path."
"tracked_addition","temporal\experiments\irrigation_sfa.py","temporal\experiments\irrigation_sfa.py","copied","Claude-only tracked file copied into organized main path."
"tracked_addition","temporal\experiments\kernel_ds_test.py","temporal\experiments\kernel_ds_test.py","copied","Claude-only tracked file copied into organized main path."
"tracked_addition","temporal\experiments\material_subspace_cd.py","temporal\experiments\material_subspace_cd.py","copied","Claude-only tracked file copied into organized main path."
"tracked_addition","temporal\experiments\multiband_gate.py","temporal\experiments\multiband_gate.py","copied","Claude-only tracked file copied into organized main path."
"tracked_addition","temporal\experiments\orientation_factorization.py","temporal\experiments\orientation_factorization.py","copied","Claude-only tracked file copied into organized main path."
"tracked_addition","temporal\experiments\probe_construction_robustness.py","temporal\experiments\probe_construction_robustness.py","copied","Claude-only tracked file copied into organized main path."
"tracked_addition","temporal\experiments\probe_fair_baselines.py","temporal\experiments\probe_fair_baselines.py","copied","Claude-only tracked file copied into organized main path."
"tracked_addition","temporal\experiments\probe_fair_stress.py","temporal\experiments\probe_fair_stress.py","copied","Claude-only tracked file copied into organized main path."
"tracked_addition","temporal\experiments\probe_hard_realism.py","temporal\experiments\probe_hard_realism.py","copied","Claude-only tracked file copied into organized main path."
"tracked_addition","temporal\experiments\probe_mb_construction.py","temporal\experiments\probe_mb_construction.py","copied","Claude-only tracked file copied into organized main path."
"tracked_addition","temporal\experiments\probe_mbprobe_angles.py","temporal\experiments\probe_mbprobe_angles.py","copied","Claude-only tracked file copied into organized main path."
"tracked_addition","temporal\experiments\probe_mechanism.py","temporal\experiments\probe_mechanism.py","copied","Claude-only tracked file copied into organized main path."
"tracked_addition","temporal\experiments\probe_rank1_equivalence.py","temporal\experiments\probe_rank1_equivalence.py","copied","Claude-only tracked file copied into organized main path."
"tracked_addition","temporal\experiments\probe_spectral_scalars.py","temporal\experiments\probe_spectral_scalars.py","copied","Claude-only tracked file copied into organized main path."
"tracked_addition","temporal\experiments\real_gate0.py","temporal\experiments\real_gate0.py","copied","Claude-only tracked file copied into organized main path."
"tracked_addition","temporal\experiments\real_irrigation.py","temporal\experiments\real_irrigation.py","copied","Claude-only tracked file copied into organized main path."
"tracked_addition","temporal\experiments\real_recovery.py","temporal\experiments\real_recovery.py","copied","Claude-only tracked file copied into organized main path."
"tracked_addition","temporal\experiments\small_sample_subspace_cd.py","temporal\experiments\small_sample_subspace_cd.py","copied","Claude-only tracked file copied into organized main path."
"tracked_addition","temporal\experiments\ssds_l0.py","temporal\experiments\ssds_l0.py","copied","Claude-only tracked file copied into organized main path."
"tracked_addition","temporal\experiments\ssds_longseries.py","temporal\experiments\ssds_longseries.py","copied","Claude-only tracked file copied into organized main path."
"tracked_addition","temporal\experiments\ssds_natural.py","temporal\experiments\ssds_natural.py","copied","Claude-only tracked file copied into organized main path."
"tracked_addition","temporal\experiments\ssds_phenology.py","temporal\experiments\ssds_phenology.py","copied","Claude-only tracked file copied into organized main path."
"tracked_addition","temporal\experiments\ssds_s2_tenerife.py","temporal\experiments\ssds_s2_tenerife.py","copied","Claude-only tracked file copied into organized main path."
"tracked_addition","temporal\experiments\ssds_validate.py","temporal\experiments\ssds_validate.py","copied","Claude-only tracked file copied into organized main path."
"tracked_addition","temporal\experiments\synth_injection.py","temporal\experiments\synth_injection.py","copied","Claude-only tracked file copied into organized main path."
"tracked_addition","temporal\experiments\t1_changetype.py","temporal\experiments\t1_changetype.py","copied","Claude-only tracked file copied into organized main path."
"tracked_addition","temporal\experiments\t2_rtw.py","temporal\experiments\t2_rtw.py","copied","Claude-only tracked file copied into organized main path."
"tracked_addition","temporal\gee_fetch.py","temporal\gee_fetch.py","copied","Claude-only tracked file copied into organized main path."
"tracked_addition","temporal\hsi_spectral_ds.py","temporal\hsi_spectral_ds.py","copied","Claude-only tracked file copied into organized main path."
"tracked_addition","temporal\signal_subspace_ds.py","temporal\signal_subspace_ds.py","copied","Claude-only tracked file copied into organized main path."
"tracked_addition","temporal\slowfeature.py","temporal\slowfeature.py","copied","Claude-only tracked file copied into organized main path."
"tracked_addition","temporal\subspace.py","temporal\subspace.py","copied","Claude-only tracked file copied into organized main path."
"tracked_addition","temporal\synth_dynamics.py","temporal\synth_dynamics.py","copied","Claude-only tracked file copied into organized main path."
"tracked_addition","temporal\synth_multiband.py","temporal\synth_multiband.py","copied","Claude-only tracked file copied into organized main path."
"tracked_addition","temporal\synth.py","temporal\synth.py","copied","Claude-only tracked file copied into organized main path."
"tracked_addition","tests\test_temporal_ds.py","tests\test_temporal_ds.py","copied","Claude-only tracked file copied into organized main path."
"tracked_overlap_version",".gitignore","docs\source_records\claude_temporal\overlap_versions\.gitignore","already_present_identical","Claude modified a file that also exists on main; preserved Claude version without overwriting main."
"tracked_overlap_version","AGENTS.md","docs\source_records\claude_temporal\overlap_versions\AGENTS.md","already_present_identical","Claude modified a file that also exists on main; preserved Claude version without overwriting main."
"tracked_overlap_version","docs\CD_TAXONOMY.md","docs\source_records\claude_temporal\overlap_versions\docs\CD_TAXONOMY.md","already_present_identical","Claude modified a file that also exists on main; preserved Claude version without overwriting main."
"tracked_overlap_version","docs\experiment_reports\oscd_spatial_ds_baseline_pressure_2026-06-18.md","docs\source_records\claude_temporal\overlap_versions\docs\experiment_reports\oscd_spatial_ds_baseline_pressure_2026-06-18.md","copied","Claude modified a file that also exists on main; preserved Claude version without overwriting main."
"tracked_overlap_version","docs\kb\01_core_subspace_geometry.md","docs\source_records\claude_temporal\overlap_versions\docs\kb\01_core_subspace_geometry.md","copied","Claude modified a file that also exists on main; preserved Claude version without overwriting main."
"tracked_overlap_version","docs\kb\README.md","docs\source_records\claude_temporal\overlap_versions\docs\kb\README.md","copied","Claude modified a file that also exists on main; preserved Claude version without overwriting main."
"tracked_overlap_version","docs\PROJECT_BRIEF.md","docs\source_records\claude_temporal\overlap_versions\docs\PROJECT_BRIEF.md","copied","Claude modified a file that also exists on main; preserved Claude version without overwriting main."
"tracked_overlap_version","docs\README.md","docs\source_records\claude_temporal\overlap_versions\docs\README.md","copied","Claude modified a file that also exists on main; preserved Claude version without overwriting main."
"tracked_overlap_version","docs\research\challenges_ranked.md","docs\source_records\claude_temporal\overlap_versions\docs\research\challenges_ranked.md","copied","Claude modified a file that also exists on main; preserved Claude version without overwriting main."
"tracked_overlap_version","docs\research\closest_methods_novelty.md","docs\source_records\claude_temporal\overlap_versions\docs\research\closest_methods_novelty.md","copied","Claude modified a file that also exists on main; preserved Claude version without overwriting main."
"tracked_overlap_version","docs\research\synthesis_specific_tasks.md","docs\source_records\claude_temporal\overlap_versions\docs\research\synthesis_specific_tasks.md","copied","Claude modified a file that also exists on main; preserved Claude version without overwriting main."
"tracked_overlap_version","docs\RUNBOOK.md","docs\source_records\claude_temporal\overlap_versions\docs\RUNBOOK.md","copied","Claude modified a file that also exists on main; preserved Claude version without overwriting main."
"tracked_overlap_version","docs\SECOND_OPINION_RESEARCH_CONTEXT.md","docs\source_records\claude_temporal\overlap_versions\docs\SECOND_OPINION_RESEARCH_CONTEXT.md","copied","Claude modified a file that also exists on main; preserved Claude version without overwriting main."
"tracked_overlap_version","docs\source_records\final_organization_2026-06-12\apple_notes.md","docs\source_records\claude_temporal\overlap_versions\docs\source_records\final_organization_2026-06-12\apple_notes.md","copied","Claude modified a file that also exists on main; preserved Claude version without overwriting main."
"tracked_overlap_version","docs\source_records\final_organization_2026-06-12\slack_notes_to_myself.md","docs\source_records\claude_temporal\overlap_versions\docs\source_records\final_organization_2026-06-12\slack_notes_to_myself.md","copied","Claude modified a file that also exists on main; preserved Claude version without overwriting main."
"tracked_overlap_version","notes\experiments.md","docs\source_records\claude_temporal\overlap_versions\notes\experiments.md","copied","Claude modified a file that also exists on main; preserved Claude version without overwriting main."
"tracked_overlap_version","notes\feedback.md","docs\source_records\claude_temporal\overlap_versions\notes\feedback.md","copied","Claude modified a file that also exists on main; preserved Claude version without overwriting main."
"tracked_overlap_version","notes\literature.md","docs\source_records\claude_temporal\overlap_versions\notes\literature.md","copied","Claude modified a file that also exists on main; preserved Claude version without overwriting main."
"tracked_overlap_version","notes\methods.md","docs\source_records\claude_temporal\overlap_versions\notes\methods.md","copied","Claude modified a file that also exists on main; preserved Claude version without overwriting main."
"tracked_overlap_version","notes\my_notes.md","docs\source_records\claude_temporal\overlap_versions\notes\my_notes.md","copied","Claude modified a file that also exists on main; preserved Claude version without overwriting main."
"tracked_overlap_version","notes\reference_bookmarks.md","docs\source_records\claude_temporal\overlap_versions\notes\reference_bookmarks.md","copied","Claude modified a file that also exists on main; preserved Claude version without overwriting main."
"tracked_overlap_version","notes\research_paper_plan.md","docs\source_records\claude_temporal\overlap_versions\notes\research_paper_plan.md","copied","Claude modified a file that also exists on main; preserved Claude version without overwriting main."
"tracked_overlap_version","phase1\baselines\ir_mad.py","docs\source_records\claude_temporal\overlap_versions\phase1\baselines\ir_mad.py","copied","Claude modified a file that also exists on main; preserved Claude version without overwriting main."
"tracked_overlap_version","phase1\configs\multisenge_temporal_geodesic.yaml","docs\source_records\claude_temporal\overlap_versions\phase1\configs\multisenge_temporal_geodesic.yaml","copied","Claude modified a file that also exists on main; preserved Claude version without overwriting main."
"tracked_overlap_version","phase1\configs\oscd_default.yaml","docs\source_records\claude_temporal\overlap_versions\phase1\configs\oscd_default.yaml","copied","Claude modified a file that also exists on main; preserved Claude version without overwriting main."
"tracked_overlap_version","phase1\ds\ds_scores.py","docs\source_records\claude_temporal\overlap_versions\phase1\ds\ds_scores.py","copied","Claude modified a file that also exists on main; preserved Claude version without overwriting main."
"tracked_overlap_version","phase1\ds\pca_utils.py","docs\source_records\claude_temporal\overlap_versions\phase1\ds\pca_utils.py","copied","Claude modified a file that also exists on main; preserved Claude version without overwriting main."
"tracked_overlap_version","phase1\eval\run_multisenge_temporal_geodesic.py","docs\source_records\claude_temporal\overlap_versions\phase1\eval\run_multisenge_temporal_geodesic.py","copied","Claude modified a file that also exists on main; preserved Claude version without overwriting main."
"tracked_overlap_version","phase1\eval\run_oscd_eval.py","docs\source_records\claude_temporal\overlap_versions\phase1\eval\run_oscd_eval.py","copied","Claude modified a file that also exists on main; preserved Claude version without overwriting main."
"tracked_overlap_version","phase1\eval\visualize_oscd_examples.py","docs\source_records\claude_temporal\overlap_versions\phase1\eval\visualize_oscd_examples.py","copied","Claude modified a file that also exists on main; preserved Claude version without overwriting main."
"tracked_overlap_version","phase1\requirements.txt","docs\source_records\claude_temporal\overlap_versions\phase1\requirements.txt","copied","Claude modified a file that also exists on main; preserved Claude version without overwriting main."
"tracked_overlap_version","phase1\scripts\build_multisenge_manifest.py","docs\source_records\claude_temporal\overlap_versions\phase1\scripts\build_multisenge_manifest.py","copied","Claude modified a file that also exists on main; preserved Claude version without overwriting main."
"tracked_overlap_version","phase1\scripts\compare_oscd_spatial_subspaces.py","docs\source_records\claude_temporal\overlap_versions\phase1\scripts\compare_oscd_spatial_subspaces.py","copied","Claude modified a file that also exists on main; preserved Claude version without overwriting main."
"tracked_overlap_version","phase1\scripts\sweep_oscd_spatial_subspaces.py","docs\source_records\claude_temporal\overlap_versions\phase1\scripts\sweep_oscd_spatial_subspaces.py","copied","Claude modified a file that also exists on main; preserved Claude version without overwriting main."
"tracked_overlap_version","phase1\subspace\geodesic.py","docs\source_records\claude_temporal\overlap_versions\phase1\subspace\geodesic.py","copied","Claude modified a file that also exists on main; preserved Claude version without overwriting main."
"tracked_overlap_version","phase1\subspace\second_order_ds.py","docs\source_records\claude_temporal\overlap_versions\phase1\subspace\second_order_ds.py","copied","Claude modified a file that also exists on main; preserved Claude version without overwriting main."
"tracked_overlap_version","project_cli.py","docs\source_records\claude_temporal\overlap_versions\project_cli.py","copied","Claude modified a file that also exists on main; preserved Claude version without overwriting main."
"tracked_overlap_version","README.md","docs\source_records\claude_temporal\overlap_versions\README.md","already_present_identical","Claude modified a file that also exists on main; preserved Claude version without overwriting main."
"tracked_overlap_version","references\reference_papers\REFERENCE_RESOURCE_INDEX.md","docs\source_records\claude_temporal\overlap_versions\references\reference_papers\REFERENCE_RESOURCE_INDEX.md","copied","Claude modified a file that also exists on main; preserved Claude version without overwriting main."
"tracked_overlap_version","tests\test_difference_subspace.py","docs\source_records\claude_temporal\overlap_versions\tests\test_difference_subspace.py","copied","Claude modified a file that also exists on main; preserved Claude version without overwriting main."
"tracked_rename_new_path","phase1\experiments\__init__.py -> temporal\experiments\__init__.py","temporal\experiments\__init__.py","copied","Claude rename preserved as copied new path; original main path kept."
